{"cameraMode":{"drawMode":0,"name":"Shaded","section":"Shading Mode"},"sceneLighting":true,"audioPlay":false,"sceneViewState":{"showFog":true,"showMaterialUpdate":false,"showSkybox":true,"showFlares":true,"showImageEffects":true,"showParticleSystems":true},"in2DMode":false,"pivot":{"x":-5.036513328552246,"y":4.56850528717041,"z":4.941932678222656},"rotation":{"x":0.014652823098003865,"y":-0.21371237933635713,"z":0.003205931279808283,"w":0.9767816662788391},"size":4.521113395690918,"orthographic":false}